Geo_FIPS,Geo_GEOID,Geo_NAME,Geo_QName,Geo_STUSAB,Geo_SUMLEV,Geo_GEOCOMP,Geo_FILEID,Geo_LOGRECNO,Geo_US,Geo_REGION,Geo_DIVISION,Geo_STATECE,Geo_STATE,Geo_COUNTY,Geo_COUSUB,Geo_PLACE,Geo_PLACESE,Geo_TRACT,Geo_BLKGRP,Geo_CONCIT,Geo_AIANHH,Geo_AIANHHFP,Geo_AIHHTLI,Geo_AITSCE,Geo_AITS,Geo_ANRC,Geo_CBSA,Geo_CSA,Geo_METDIV,Geo_MACC,Geo_MEMI,Geo_NECTA,Geo_CNECTA,Geo_NECTADIV,Geo_UA,Geo_UACP,Geo_CDCURR,Geo_SLDU,Geo_SLDL,Geo_VTD,Geo_ZCTA3,Geo_ZCTA5,Geo_SUBMCD,Geo_SDELM,Geo_SDSEC,Geo_SDUNI,Geo_UR,Geo_PCI,Geo_TAZ,Geo_UGA,Geo_BTTR,Geo_BTBG,Geo_PUMA5,Geo_PUMA1,SE_A13003B_001,SE_A13003B_002,SE_A13003B_003
"34007600200","14000US34007600200","Census Tract 6002","Census Tract 6002, Camden County, New Jersey","nj","140","00","ACSSF","0001761",,,,,"34","007",,,,"600200",,,,,,,,,,,,,,,,,,,,,,,,,,,,,,,,,,,,,1398,405,993
"34007600400","14000US34007600400","Census Tract 6004","Census Tract 6004, Camden County, New Jersey","nj","140","00","ACSSF","0001762",,,,,"34","007",,,,"600400",,,,,,,,,,,,,,,,,,,,,,,,,,,,,,,,,,,,,1793,725,1068
"34007600700","14000US34007600700","Census Tract 6007","Census Tract 6007, Camden County, New Jersey","nj","140","00","ACSSF","0001763",,,,,"34","007",,,,"600700",,,,,,,,,,,,,,,,,,,,,,,,,,,,,,,,,,,,,847,394,453
"34007600800","14000US34007600800","Census Tract 6008","Census Tract 6008, Camden County, New Jersey","nj","140","00","ACSSF","0001764",,,,,"34","007",,,,"600800",,,,,,,,,,,,,,,,,,,,,,,,,,,,,,,,,,,,,2932,1221,1711
"34007600900","14000US34007600900","Census Tract 6009","Census Tract 6009, Camden County, New Jersey","nj","140","00","ACSSF","0001765",,,,,"34","007",,,,"600900",,,,,,,,,,,,,,,,,,,,,,,,,,,,,,,,,,,,,2241,1075,1166
"34007601000","14000US34007601000","Census Tract 6010","Census Tract 6010, Camden County, New Jersey","nj","140","00","ACSSF","0001766",,,,,"34","007",,,,"601000",,,,,,,,,,,,,,,,,,,,,,,,,,,,,,,,,,,,,3912,714,3198
"34007601101","14000US34007601101","Census Tract 6011.01","Census Tract 6011.01, Camden County, New Jersey","nj","140","00","ACSSF","0001767",,,,,"34","007",,,,"601101",,,,,,,,,,,,,,,,,,,,,,,,,,,,,,,,,,,,,1981,607,1374
"34007601102","14000US34007601102","Census Tract 6011.02","Census Tract 6011.02, Camden County, New Jersey","nj","140","00","ACSSF","0001768",,,,,"34","007",,,,"601102",,,,,,,,,,,,,,,,,,,,,,,,,,,,,,,,,,,,,2953,580,2373
"34007601200","14000US34007601200","Census Tract 6012","Census Tract 6012, Camden County, New Jersey","nj","140","00","ACSSF","0001769",,,,,"34","007",,,,"601200",,,,,,,,,,,,,,,,,,,,,,,,,,,,,,,,,,,,,4086,878,3208
"34007601300","14000US34007601300","Census Tract 6013","Census Tract 6013, Camden County, New Jersey","nj","140","00","ACSSF","0001770",,,,,"34","007",,,,"601300",,,,,,,,,,,,,,,,,,,,,,,,,,,,,,,,,,,,,2490,775,1715
"34007601400","14000US34007601400","Census Tract 6014","Census Tract 6014, Camden County, New Jersey","nj","140","00","ACSSF","0001771",,,,,"34","007",,,,"601400",,,,,,,,,,,,,,,,,,,,,,,,,,,,,,,,,,,,,2824,888,1936
"34007601500","14000US34007601500","Census Tract 6015","Census Tract 6015, Camden County, New Jersey","nj","140","00","ACSSF","0001772",,,,,"34","007",,,,"601500",,,,,,,,,,,,,,,,,,,,,,,,,,,,,,,,,,,,,2981,1237,1744
"34007601600","14000US34007601600","Census Tract 6016","Census Tract 6016, Camden County, New Jersey","nj","140","00","ACSSF","0001773",,,,,"34","007",,,,"601600",,,,,,,,,,,,,,,,,,,,,,,,,,,,,,,,,,,,,1304,481,823
"34007601700","14000US34007601700","Census Tract 6017","Census Tract 6017, Camden County, New Jersey","nj","140","00","ACSSF","0001774",,,,,"34","007",,,,"601700",,,,,,,,,,,,,,,,,,,,,,,,,,,,,,,,,,,,,1305,520,785
"34007601800","14000US34007601800","Census Tract 6018","Census Tract 6018, Camden County, New Jersey","nj","140","00","ACSSF","0001775",,,,,"34","007",,,,"601800",,,,,,,,,,,,,,,,,,,,,,,,,,,,,,,,,,,,,669,233,436
"34007601900","14000US34007601900","Census Tract 6019","Census Tract 6019, Camden County, New Jersey","nj","140","00","ACSSF","0001776",,,,,"34","007",,,,"601900",,,,,,,,,,,,,,,,,,,,,,,,,,,,,,,,,,,,,1662,547,1115
"34007602000","14000US34007602000","Census Tract 6020","Census Tract 6020, Camden County, New Jersey","nj","140","00","ACSSF","0001777",,,,,"34","007",,,,"602000",,,,,,,,,,,,,,,,,,,,,,,,,,,,,,,,,,,,,3709,1105,2604
"34007602503","14000US34007602503","Census Tract 6025.03","Census Tract 6025.03, Camden County, New Jersey","nj","140","00","ACSSF","0001778",,,,,"34","007",,,,"602503",,,,,,,,,,,,,,,,,,,,,,,,,,,,,,,,,,,,,1515,44,1471
"34007602601","14000US34007602601","Census Tract 6026.01","Census Tract 6026.01, Camden County, New Jersey","nj","140","00","ACSSF","0001779",,,,,"34","007",,,,"602601",,,,,,,,,,,,,,,,,,,,,,,,,,,,,,,,,,,,,1680,117,1563
"34007602602","14000US34007602602","Census Tract 6026.02","Census Tract 6026.02, Camden County, New Jersey","nj","140","00","ACSSF","0001780",,,,,"34","007",,,,"602602",,,,,,,,,,,,,,,,,,,,,,,,,,,,,,,,,,,,,1788,325,1463
"34007602901","14000US34007602901","Census Tract 6029.01","Census Tract 6029.01, Camden County, New Jersey","nj","140","00","ACSSF","0001781",,,,,"34","007",,,,"602901",,,,,,,,,,,,,,,,,,,,,,,,,,,,,,,,,,,,,2642,137,2505
"34007602902","14000US34007602902","Census Tract 6029.02","Census Tract 6029.02, Camden County, New Jersey","nj","140","00","ACSSF","0001782",,,,,"34","007",,,,"602902",,,,,,,,,,,,,,,,,,,,,,,,,,,,,,,,,,,,,2099,307,1792
"34007603001","14000US34007603001","Census Tract 6030.01","Census Tract 6030.01, Camden County, New Jersey","nj","140","00","ACSSF","0001783",,,,,"34","007",,,,"603001",,,,,,,,,,,,,,,,,,,,,,,,,,,,,,,,,,,,,2502,138,2364
"34007603002","14000US34007603002","Census Tract 6030.02","Census Tract 6030.02, Camden County, New Jersey","nj","140","00","ACSSF","0001784",,,,,"34","007",,,,"603002",,,,,,,,,,,,,,,,,,,,,,,,,,,,,,,,,,,,,2956,443,2513
"34007603100","14000US34007603100","Census Tract 6031","Census Tract 6031, Camden County, New Jersey","nj","140","00","ACSSF","0001785",,,,,"34","007",,,,"603100",,,,,,,,,,,,,,,,,,,,,,,,,,,,,,,,,,,,,2165,104,2061
"34007603200","14000US34007603200","Census Tract 6032","Census Tract 6032, Camden County, New Jersey","nj","140","00","ACSSF","0001786",,,,,"34","007",,,,"603200",,,,,,,,,,,,,,,,,,,,,,,,,,,,,,,,,,,,,3996,253,3743
"34007603301","14000US34007603301","Census Tract 6033.01","Census Tract 6033.01, Camden County, New Jersey","nj","140","00","ACSSF","0001787",,,,,"34","007",,,,"603301",,,,,,,,,,,,,,,,,,,,,,,,,,,,,,,,,,,,,3748,95,3653
"34007603302","14000US34007603302","Census Tract 6033.02","Census Tract 6033.02, Camden County, New Jersey","nj","140","00","ACSSF","0001788",,,,,"34","007",,,,"603302",,,,,,,,,,,,,,,,,,,,,,,,,,,,,,,,,,,,,3722,119,3603
"34007603303","14000US34007603303","Census Tract 6033.03","Census Tract 6033.03, Camden County, New Jersey","nj","140","00","ACSSF","0001789",,,,,"34","007",,,,"603303",,,,,,,,,,,,,,,,,,,,,,,,,,,,,,,,,,,,,1309,101,1208
"34007603400","14000US34007603400","Census Tract 6034","Census Tract 6034, Camden County, New Jersey","nj","140","00","ACSSF","0001790",,,,,"34","007",,,,"603400",,,,,,,,,,,,,,,,,,,,,,,,,,,,,,,,,,,,,4227,339,3888
"34007603501","14000US34007603501","Census Tract 6035.01","Census Tract 6035.01, Camden County, New Jersey","nj","140","00","ACSSF","0001791",,,,,"34","007",,,,"603501",,,,,,,,,,,,,,,,,,,,,,,,,,,,,,,,,,,,,3724,136,3588
"34007603503","14000US34007603503","Census Tract 6035.03","Census Tract 6035.03, Camden County, New Jersey","nj","140","00","ACSSF","0001792",,,,,"34","007",,,,"603503",,,,,,,,,,,,,,,,,,,,,,,,,,,,,,,,,,,,,2426,41,2385
"34007603504","14000US34007603504","Census Tract 6035.04","Census Tract 6035.04, Camden County, New Jersey","nj","140","00","ACSSF","0001793",,,,,"34","007",,,,"603504",,,,,,,,,,,,,,,,,,,,,,,,,,,,,,,,,,,,,1360,6,1354
"34007603505","14000US34007603505","Census Tract 6035.05","Census Tract 6035.05, Camden County, New Jersey","nj","140","00","ACSSF","0001794",,,,,"34","007",,,,"603505",,,,,,,,,,,,,,,,,,,,,,,,,,,,,,,,,,,,,2277,127,2150
"34007603506","14000US34007603506","Census Tract 6035.06","Census Tract 6035.06, Camden County, New Jersey","nj","140","00","ACSSF","0001795",,,,,"34","007",,,,"603506",,,,,,,,,,,,,,,,,,,,,,,,,,,,,,,,,,,,,3502,107,3395
"34007603507","14000US34007603507","Census Tract 6035.07","Census Tract 6035.07, Camden County, New Jersey","nj","140","00","ACSSF","0001796",,,,,"34","007",,,,"603507",,,,,,,,,,,,,,,,,,,,,,,,,,,,,,,,,,,,,3823,184,3639
"34007603601","14000US34007603601","Census Tract 6036.01","Census Tract 6036.01, Camden County, New Jersey","nj","140","00","ACSSF","0001797",,,,,"34","007",,,,"603601",,,,,,,,,,,,,,,,,,,,,,,,,,,,,,,,,,,,,1956,125,1831
"34007603602","14000US34007603602","Census Tract 6036.02","Census Tract 6036.02, Camden County, New Jersey","nj","140","00","ACSSF","0001798",,,,,"34","007",,,,"603602",,,,,,,,,,,,,,,,,,,,,,,,,,,,,,,,,,,,,1417,33,1384
"34007603603","14000US34007603603","Census Tract 6036.03","Census Tract 6036.03, Camden County, New Jersey","nj","140","00","ACSSF","0001799",,,,,"34","007",,,,"603603",,,,,,,,,,,,,,,,,,,,,,,,,,,,,,,,,,,,,1402,73,1329
"34007603700","14000US34007603700","Census Tract 6037","Census Tract 6037, Camden County, New Jersey","nj","140","00","ACSSF","0001800",,,,,"34","007",,,,"603700",,,,,,,,,,,,,,,,,,,,,,,,,,,,,,,,,,,,,2602,232,2370
"34007603800","14000US34007603800","Census Tract 6038","Census Tract 6038, Camden County, New Jersey","nj","140","00","ACSSF","0001801",,,,,"34","007",,,,"603800",,,,,,,,,,,,,,,,,,,,,,,,,,,,,,,,,,,,,3078,108,2970
"34007603901","14000US34007603901","Census Tract 6039.01","Census Tract 6039.01, Camden County, New Jersey","nj","140","00","ACSSF","0001802",,,,,"34","007",,,,"603901",,,,,,,,,,,,,,,,,,,,,,,,,,,,,,,,,,,,,3006,111,2895
"34007603902","14000US34007603902","Census Tract 6039.02","Census Tract 6039.02, Camden County, New Jersey","nj","140","00","ACSSF","0001803",,,,,"34","007",,,,"603902",,,,,,,,,,,,,,,,,,,,,,,,,,,,,,,,,,,,,1567,59,1508
"34007604100","14000US34007604100","Census Tract 6041","Census Tract 6041, Camden County, New Jersey","nj","140","00","ACSSF","0001804",,,,,"34","007",,,,"604100",,,,,,,,,,,,,,,,,,,,,,,,,,,,,,,,,,,,,1717,309,1408
"34007604200","14000US34007604200","Census Tract 6042","Census Tract 6042, Camden County, New Jersey","nj","140","00","ACSSF","0001805",,,,,"34","007",,,,"604200",,,,,,,,,,,,,,,,,,,,,,,,,,,,,,,,,,,,,2177,103,2074
"34007604300","14000US34007604300","Census Tract 6043","Census Tract 6043, Camden County, New Jersey","nj","140","00","ACSSF","0001806",,,,,"34","007",,,,"604300",,,,,,,,,,,,,,,,,,,,,,,,,,,,,,,,,,,,,2437,75,2362
"34007604400","14000US34007604400","Census Tract 6044","Census Tract 6044, Camden County, New Jersey","nj","140","00","ACSSF","0001807",,,,,"34","007",,,,"604400",,,,,,,,,,,,,,,,,,,,,,,,,,,,,,,,,,,,,1983,41,1942
"34007604600","14000US34007604600","Census Tract 6046","Census Tract 6046, Camden County, New Jersey","nj","140","00","ACSSF","0001808",,,,,"34","007",,,,"604600",,,,,,,,,,,,,,,,,,,,,,,,,,,,,,,,,,,,,1473,128,1345
"34007604700","14000US34007604700","Census Tract 6047","Census Tract 6047, Camden County, New Jersey","nj","140","00","ACSSF","0001809",,,,,"34","007",,,,"604700",,,,,,,,,,,,,,,,,,,,,,,,,,,,,,,,,,,,,1239,52,1187
"34007605100","14000US34007605100","Census Tract 6051","Census Tract 6051, Camden County, New Jersey","nj","140","00","ACSSF","0001810",,,,,"34","007",,,,"605100",,,,,,,,,,,,,,,,,,,,,,,,,,,,,,,,,,,,,1357,90,1267
"34007605200","14000US34007605200","Census Tract 6052","Census Tract 6052, Camden County, New Jersey","nj","140","00","ACSSF","0001811",,,,,"34","007",,,,"605200",,,,,,,,,,,,,,,,,,,,,,,,,,,,,,,,,,,,,1616,250,1366
"34007605300","14000US34007605300","Census Tract 6053","Census Tract 6053, Camden County, New Jersey","nj","140","00","ACSSF","0001812",,,,,"34","007",,,,"605300",,,,,,,,,,,,,,,,,,,,,,,,,,,,,,,,,,,,,1443,132,1311
"34007605400","14000US34007605400","Census Tract 6054","Census Tract 6054, Camden County, New Jersey","nj","140","00","ACSSF","0001813",,,,,"34","007",,,,"605400",,,,,,,,,,,,,,,,,,,,,,,,,,,,,,,,,,,,,1782,184,1598
"34007605602","14000US34007605602","Census Tract 6056.02","Census Tract 6056.02, Camden County, New Jersey","nj","140","00","ACSSF","0001814",,,,,"34","007",,,,"605602",,,,,,,,,,,,,,,,,,,,,,,,,,,,,,,,,,,,,1964,75,1889
"34007605700","14000US34007605700","Census Tract 6057","Census Tract 6057, Camden County, New Jersey","nj","140","00","ACSSF","0001815",,,,,"34","007",,,,"605700",,,,,,,,,,,,,,,,,,,,,,,,,,,,,,,,,,,,,2091,81,2010
"34007605800","14000US34007605800","Census Tract 6058","Census Tract 6058, Camden County, New Jersey","nj","140","00","ACSSF","0001816",,,,,"34","007",,,,"605800",,,,,,,,,,,,,,,,,,,,,,,,,,,,,,,,,,,,,1674,82,1592
"34007605900","14000US34007605900","Census Tract 6059","Census Tract 6059, Camden County, New Jersey","nj","140","00","ACSSF","0001817",,,,,"34","007",,,,"605900",,,,,,,,,,,,,,,,,,,,,,,,,,,,,,,,,,,,,1654,59,1595
"34007606000","14000US34007606000","Census Tract 6060","Census Tract 6060, Camden County, New Jersey","nj","140","00","ACSSF","0001818",,,,,"34","007",,,,"606000",,,,,,,,,,,,,,,,,,,,,,,,,,,,,,,,,,,,,1031,32,999
"34007606100","14000US34007606100","Census Tract 6061","Census Tract 6061, Camden County, New Jersey","nj","140","00","ACSSF","0001819",,,,,"34","007",,,,"606100",,,,,,,,,,,,,,,,,,,,,,,,,,,,,,,,,,,,,1294,0,1294
"34007606200","14000US34007606200","Census Tract 6062","Census Tract 6062, Camden County, New Jersey","nj","140","00","ACSSF","0001820",,,,,"34","007",,,,"606200",,,,,,,,,,,,,,,,,,,,,,,,,,,,,,,,,,,,,1988,2,1986
"34007606300","14000US34007606300","Census Tract 6063","Census Tract 6063, Camden County, New Jersey","nj","140","00","ACSSF","0001821",,,,,"34","007",,,,"606300",,,,,,,,,,,,,,,,,,,,,,,,,,,,,,,,,,,,,1255,30,1225
"34007606400","14000US34007606400","Census Tract 6064","Census Tract 6064, Camden County, New Jersey","nj","140","00","ACSSF","0001822",,,,,"34","007",,,,"606400",,,,,,,,,,,,,,,,,,,,,,,,,,,,,,,,,,,,,1592,38,1554
"34007606500","14000US34007606500","Census Tract 6065","Census Tract 6065, Camden County, New Jersey","nj","140","00","ACSSF","0001823",,,,,"34","007",,,,"606500",,,,,,,,,,,,,,,,,,,,,,,,,,,,,,,,,,,,,1698,204,1494
"34007606600","14000US34007606600","Census Tract 6066","Census Tract 6066, Camden County, New Jersey","nj","140","00","ACSSF","0001824",,,,,"34","007",,,,"606600",,,,,,,,,,,,,,,,,,,,,,,,,,,,,,,,,,,,,1556,104,1452
"34007606700","14000US34007606700","Census Tract 6067","Census Tract 6067, Camden County, New Jersey","nj","140","00","ACSSF","0001825",,,,,"34","007",,,,"606700",,,,,,,,,,,,,,,,,,,,,,,,,,,,,,,,,,,,,2807,210,2597
"34007606800","14000US34007606800","Census Tract 6068","Census Tract 6068, Camden County, New Jersey","nj","140","00","ACSSF","0001826",,,,,"34","007",,,,"606800",,,,,,,,,,,,,,,,,,,,,,,,,,,,,,,,,,,,,2588,244,2344
"34007607000","14000US34007607000","Census Tract 6070","Census Tract 6070, Camden County, New Jersey","nj","140","00","ACSSF","0001827",,,,,"34","007",,,,"607000",,,,,,,,,,,,,,,,,,,,,,,,,,,,,,,,,,,,,2795,431,2364
"34007607100","14000US34007607100","Census Tract 6071","Census Tract 6071, Camden County, New Jersey","nj","140","00","ACSSF","0001828",,,,,"34","007",,,,"607100",,,,,,,,,,,,,,,,,,,,,,,,,,,,,,,,,,,,,2469,186,2283
"34007607200","14000US34007607200","Census Tract 6072","Census Tract 6072, Camden County, New Jersey","nj","140","00","ACSSF","0001829",,,,,"34","007",,,,"607200",,,,,,,,,,,,,,,,,,,,,,,,,,,,,,,,,,,,,2919,320,2599
"34007607300","14000US34007607300","Census Tract 6073","Census Tract 6073, Camden County, New Jersey","nj","140","00","ACSSF","0001830",,,,,"34","007",,,,"607300",,,,,,,,,,,,,,,,,,,,,,,,,,,,,,,,,,,,,2852,256,2596
"34007607401","14000US34007607401","Census Tract 6074.01","Census Tract 6074.01, Camden County, New Jersey","nj","140","00","ACSSF","0001831",,,,,"34","007",,,,"607401",,,,,,,,,,,,,,,,,,,,,,,,,,,,,,,,,,,,,1736,297,1439
"34007607402","14000US34007607402","Census Tract 6074.02","Census Tract 6074.02, Camden County, New Jersey","nj","140","00","ACSSF","0001832",,,,,"34","007",,,,"607402",,,,,,,,,,,,,,,,,,,,,,,,,,,,,,,,,,,,,1908,70,1838
"34007607502","14000US34007607502","Census Tract 6075.02","Census Tract 6075.02, Camden County, New Jersey","nj","140","00","ACSSF","0001833",,,,,"34","007",,,,"607502",,,,,,,,,,,,,,,,,,,,,,,,,,,,,,,,,,,,,2407,143,2264
"34007607503","14000US34007607503","Census Tract 6075.03","Census Tract 6075.03, Camden County, New Jersey","nj","140","00","ACSSF","0001834",,,,,"34","007",,,,"607503",,,,,,,,,,,,,,,,,,,,,,,,,,,,,,,,,,,,,3802,238,3564
"34007607504","14000US34007607504","Census Tract 6075.04","Census Tract 6075.04, Camden County, New Jersey","nj","140","00","ACSSF","0001835",,,,,"34","007",,,,"607504",,,,,,,,,,,,,,,,,,,,,,,,,,,,,,,,,,,,,1987,38,1949
"34007607505","14000US34007607505","Census Tract 6075.05","Census Tract 6075.05, Camden County, New Jersey","nj","140","00","ACSSF","0001836",,,,,"34","007",,,,"607505",,,,,,,,,,,,,,,,,,,,,,,,,,,,,,,,,,,,,2559,182,2377
"34007607506","14000US34007607506","Census Tract 6075.06","Census Tract 6075.06, Camden County, New Jersey","nj","140","00","ACSSF","0001837",,,,,"34","007",,,,"607506",,,,,,,,,,,,,,,,,,,,,,,,,,,,,,,,,,,,,2540,342,2198
"34007607507","14000US34007607507","Census Tract 6075.07","Census Tract 6075.07, Camden County, New Jersey","nj","140","00","ACSSF","0001838",,,,,"34","007",,,,"607507",,,,,,,,,,,,,,,,,,,,,,,,,,,,,,,,,,,,,3943,409,3534
"34007607600","14000US34007607600","Census Tract 6076","Census Tract 6076, Camden County, New Jersey","nj","140","00","ACSSF","0001839",,,,,"34","007",,,,"607600",,,,,,,,,,,,,,,,,,,,,,,,,,,,,,,,,,,,,1277,35,1242
"34007607701","14000US34007607701","Census Tract 6077.01","Census Tract 6077.01, Camden County, New Jersey","nj","140","00","ACSSF","0001840",,,,,"34","007",,,,"607701",,,,,,,,,,,,,,,,,,,,,,,,,,,,,,,,,,,,,3826,944,2882
"34007607702","14000US34007607702","Census Tract 6077.02","Census Tract 6077.02, Camden County, New Jersey","nj","140","00","ACSSF","0001841",,,,,"34","007",,,,"607702",,,,,,,,,,,,,,,,,,,,,,,,,,,,,,,,,,,,,2325,202,2123
"34007607801","14000US34007607801","Census Tract 6078.01","Census Tract 6078.01, Camden County, New Jersey","nj","140","00","ACSSF","0001842",,,,,"34","007",,,,"607801",,,,,,,,,,,,,,,,,,,,,,,,,,,,,,,,,,,,,3407,120,3287
"34007607802","14000US34007607802","Census Tract 6078.02","Census Tract 6078.02, Camden County, New Jersey","nj","140","00","ACSSF","0001843",,,,,"34","007",,,,"607802",,,,,,,,,,,,,,,,,,,,,,,,,,,,,,,,,,,,,1600,233,1367
"34007607900","14000US34007607900","Census Tract 6079","Census Tract 6079, Camden County, New Jersey","nj","140","00","ACSSF","0001844",,,,,"34","007",,,,"607900",,,,,,,,,,,,,,,,,,,,,,,,,,,,,,,,,,,,,1286,84,1202
"34007608001","14000US34007608001","Census Tract 6080.01","Census Tract 6080.01, Camden County, New Jersey","nj","140","00","ACSSF","0001845",,,,,"34","007",,,,"608001",,,,,,,,,,,,,,,,,,,,,,,,,,,,,,,,,,,,,2436,354,2082
"34007608202","14000US34007608202","Census Tract 6082.02","Census Tract 6082.02, Camden County, New Jersey","nj","140","00","ACSSF","0001846",,,,,"34","007",,,,"608202",,,,,,,,,,,,,,,,,,,,,,,,,,,,,,,,,,,,,2263,32,2231
"34007608205","14000US34007608205","Census Tract 6082.05","Census Tract 6082.05, Camden County, New Jersey","nj","140","00","ACSSF","0001847",,,,,"34","007",,,,"608205",,,,,,,,,,,,,,,,,,,,,,,,,,,,,,,,,,,,,2303,78,2225
"34007608206","14000US34007608206","Census Tract 6082.06","Census Tract 6082.06, Camden County, New Jersey","nj","140","00","ACSSF","0001848",,,,,"34","007",,,,"608206",,,,,,,,,,,,,,,,,,,,,,,,,,,,,,,,,,,,,2156,91,2065
"34007608209","14000US34007608209","Census Tract 6082.09","Census Tract 6082.09, Camden County, New Jersey","nj","140","00","ACSSF","0001849",,,,,"34","007",,,,"608209",,,,,,,,,,,,,,,,,,,,,,,,,,,,,,,,,,,,,1761,61,1700
"34007608210","14000US34007608210","Census Tract 6082.10","Census Tract 6082.10, Camden County, New Jersey","nj","140","00","ACSSF","0001850",,,,,"34","007",,,,"608210",,,,,,,,,,,,,,,,,,,,,,,,,,,,,,,,,,,,,2543,274,2269
"34007608211","14000US34007608211","Census Tract 6082.11","Census Tract 6082.11, Camden County, New Jersey","nj","140","00","ACSSF","0001851",,,,,"34","007",,,,"608211",,,,,,,,,,,,,,,,,,,,,,,,,,,,,,,,,,,,,3633,85,3548
"34007608302","14000US34007608302","Census Tract 6083.02","Census Tract 6083.02, Camden County, New Jersey","nj","140","00","ACSSF","0001852",,,,,"34","007",,,,"608302",,,,,,,,,,,,,,,,,,,,,,,,,,,,,,,,,,,,,3253,149,3104
"34007608303","14000US34007608303","Census Tract 6083.03","Census Tract 6083.03, Camden County, New Jersey","nj","140","00","ACSSF","0001853",,,,,"34","007",,,,"608303",,,,,,,,,,,,,,,,,,,,,,,,,,,,,,,,,,,,,1895,286,1609
"34007608304","14000US34007608304","Census Tract 6083.04","Census Tract 6083.04, Camden County, New Jersey","nj","140","00","ACSSF","0001854",,,,,"34","007",,,,"608304",,,,,,,,,,,,,,,,,,,,,,,,,,,,,,,,,,,,,3896,147,3749
"34007608401","14000US34007608401","Census Tract 6084.01","Census Tract 6084.01, Camden County, New Jersey","nj","140","00","ACSSF","0001855",,,,,"34","007",,,,"608401",,,,,,,,,,,,,,,,,,,,,,,,,,,,,,,,,,,,,2661,101,2560
"34007608402","14000US34007608402","Census Tract 6084.02","Census Tract 6084.02, Camden County, New Jersey","nj","140","00","ACSSF","0001856",,,,,"34","007",,,,"608402",,,,,,,,,,,,,,,,,,,,,,,,,,,,,,,,,,,,,2303,145,2158
"34007608403","14000US34007608403","Census Tract 6084.03","Census Tract 6084.03, Camden County, New Jersey","nj","140","00","ACSSF","0001857",,,,,"34","007",,,,"608403",,,,,,,,,,,,,,,,,,,,,,,,,,,,,,,,,,,,,5247,190,5057
"34007608404","14000US34007608404","Census Tract 6084.04","Census Tract 6084.04, Camden County, New Jersey","nj","140","00","ACSSF","0001858",,,,,"34","007",,,,"608404",,,,,,,,,,,,,,,,,,,,,,,,,,,,,,,,,,,,,4286,332,3954
"34007608503","14000US34007608503","Census Tract 6085.03","Census Tract 6085.03, Camden County, New Jersey","nj","140","00","ACSSF","0001859",,,,,"34","007",,,,"608503",,,,,,,,,,,,,,,,,,,,,,,,,,,,,,,,,,,,,1926,232,1694
"34007608504","14000US34007608504","Census Tract 6085.04","Census Tract 6085.04, Camden County, New Jersey","nj","140","00","ACSSF","0001860",,,,,"34","007",,,,"608504",,,,,,,,,,,,,,,,,,,,,,,,,,,,,,,,,,,,,2188,378,1810
"34007608600","14000US34007608600","Census Tract 6086","Census Tract 6086, Camden County, New Jersey","nj","140","00","ACSSF","0001861",,,,,"34","007",,,,"608600",,,,,,,,,,,,,,,,,,,,,,,,,,,,,,,,,,,,,3062,574,2488
"34007608700","14000US34007608700","Census Tract 6087","Census Tract 6087, Camden County, New Jersey","nj","140","00","ACSSF","0001862",,,,,"34","007",,,,"608700",,,,,,,,,,,,,,,,,,,,,,,,,,,,,,,,,,,,,4212,205,4007
"34007608800","14000US34007608800","Census Tract 6088","Census Tract 6088, Camden County, New Jersey","nj","140","00","ACSSF","0001863",,,,,"34","007",,,,"608800",,,,,,,,,,,,,,,,,,,,,,,,,,,,,,,,,,,,,3421,427,2994
"34007608901","14000US34007608901","Census Tract 6089.01","Census Tract 6089.01, Camden County, New Jersey","nj","140","00","ACSSF","0001864",,,,,"34","007",,,,"608901",,,,,,,,,,,,,,,,,,,,,,,,,,,,,,,,,,,,,3857,268,3589
"34007608903","14000US34007608903","Census Tract 6089.03","Census Tract 6089.03, Camden County, New Jersey","nj","140","00","ACSSF","0001865",,,,,"34","007",,,,"608903",,,,,,,,,,,,,,,,,,,,,,,,,,,,,,,,,,,,,2073,22,2051
"34007608904","14000US34007608904","Census Tract 6089.04","Census Tract 6089.04, Camden County, New Jersey","nj","140","00","ACSSF","0001866",,,,,"34","007",,,,"608904",,,,,,,,,,,,,,,,,,,,,,,,,,,,,,,,,,,,,886,14,872
"34007609000","14000US34007609000","Census Tract 6090","Census Tract 6090, Camden County, New Jersey","nj","140","00","ACSSF","0001867",,,,,"34","007",,,,"609000",,,,,,,,,,,,,,,,,,,,,,,,,,,,,,,,,,,,,909,154,755
"34007609103","14000US34007609103","Census Tract 6091.03","Census Tract 6091.03, Camden County, New Jersey","nj","140","00","ACSSF","0001868",,,,,"34","007",,,,"609103",,,,,,,,,,,,,,,,,,,,,,,,,,,,,,,,,,,,,3274,164,3110
"34007609201","14000US34007609201","Census Tract 6092.01","Census Tract 6092.01, Camden County, New Jersey","nj","140","00","ACSSF","0001869",,,,,"34","007",,,,"609201",,,,,,,,,,,,,,,,,,,,,,,,,,,,,,,,,,,,,2950,364,2586
"34007609202","14000US34007609202","Census Tract 6092.02","Census Tract 6092.02, Camden County, New Jersey","nj","140","00","ACSSF","0001870",,,,,"34","007",,,,"609202",,,,,,,,,,,,,,,,,,,,,,,,,,,,,,,,,,,,,3135,400,2735
"34007609203","14000US34007609203","Census Tract 6092.03","Census Tract 6092.03, Camden County, New Jersey","nj","140","00","ACSSF","0001871",,,,,"34","007",,,,"609203",,,,,,,,,,,,,,,,,,,,,,,,,,,,,,,,,,,,,5902,301,5601
"34007609204","14000US34007609204","Census Tract 6092.04","Census Tract 6092.04, Camden County, New Jersey","nj","140","00","ACSSF","0001872",,,,,"34","007",,,,"609204",,,,,,,,,,,,,,,,,,,,,,,,,,,,,,,,,,,,,2642,502,2140
"34007609205","14000US34007609205","Census Tract 6092.05","Census Tract 6092.05, Camden County, New Jersey","nj","140","00","ACSSF","0001873",,,,,"34","007",,,,"609205",,,,,,,,,,,,,,,,,,,,,,,,,,,,,,,,,,,,,3998,281,3717
"34007610300","14000US34007610300","Census Tract 6103","Census Tract 6103, Camden County, New Jersey","nj","140","00","ACSSF","0001874",,,,,"34","007",,,,"610300",,,,,,,,,,,,,,,,,,,,,,,,,,,,,,,,,,,,,887,302,585
"34007610400","14000US34007610400","Census Tract 6104","Census Tract 6104, Camden County, New Jersey","nj","140","00","ACSSF","0001875",,,,,"34","007",,,,"610400",,,,,,,,,,,,,,,,,,,,,,,,,,,,,,,,,,,,,2338,955,1383
"34007610500","14000US34007610500","Census Tract 6105","Census Tract 6105, Camden County, New Jersey","nj","140","00","ACSSF","0001876",,,,,"34","007",,,,"610500",,,,,,,,,,,,,,,,,,,,,,,,,,,,,,,,,,,,,4651,1076,3575
"34007610600","14000US34007610600","Census Tract 6106","Census Tract 6106, Camden County, New Jersey","nj","140","00","ACSSF","0001877",,,,,"34","007",,,,"610600",,,,,,,,,,,,,,,,,,,,,,,,,,,,,,,,,,,,,731,118,613
"34007610800","14000US34007610800","Census Tract 6108","Census Tract 6108, Camden County, New Jersey","nj","140","00","ACSSF","0001878",,,,,"34","007",,,,"610800",,,,,,,,,,,,,,,,,,,,,,,,,,,,,,,,,,,,,1756,236,1520
"34007610900","14000US34007610900","Census Tract 6109","Census Tract 6109, Camden County, New Jersey","nj","140","00","ACSSF","0001879",,,,,"34","007",,,,"610900",,,,,,,,,,,,,,,,,,,,,,,,,,,,,,,,,,,,,2090,122,1968
"34007611000","14000US34007611000","Census Tract 6110","Census Tract 6110, Camden County, New Jersey","nj","140","00","ACSSF","0001880",,,,,"34","007",,,,"611000",,,,,,,,,,,,,,,,,,,,,,,,,,,,,,,,,,,,,4069,336,3733
"34007611100","14000US34007611100","Census Tract 6111","Census Tract 6111, Camden County, New Jersey","nj","140","00","ACSSF","0001881",,,,,"34","007",,,,"611100",,,,,,,,,,,,,,,,,,,,,,,,,,,,,,,,,,,,,1576,182,1394
"34007611200","14000US34007611200","Census Tract 6112","Census Tract 6112, Camden County, New Jersey","nj","140","00","ACSSF","0001882",,,,,"34","007",,,,"611200",,,,,,,,,,,,,,,,,,,,,,,,,,,,,,,,,,,,,2803,209,2594
"34007611300","14000US34007611300","Census Tract 6113","Census Tract 6113, Camden County, New Jersey","nj","140","00","ACSSF","0001883",,,,,"34","007",,,,"611300",,,,,,,,,,,,,,,,,,,,,,,,,,,,,,,,,,,,,2404,146,2258
"34007611400","14000US34007611400","Census Tract 6114","Census Tract 6114, Camden County, New Jersey","nj","140","00","ACSSF","0001884",,,,,"34","007",,,,"611400",,,,,,,,,,,,,,,,,,,,,,,,,,,,,,,,,,,,,2726,147,2579
"34007611500","14000US34007611500","Census Tract 6115","Census Tract 6115, Camden County, New Jersey","nj","140","00","ACSSF","0001885",,,,,"34","007",,,,"611500",,,,,,,,,,,,,,,,,,,,,,,,,,,,,,,,,,,,,2704,161,2543
"34007611600","14000US34007611600","Census Tract 6116","Census Tract 6116, Camden County, New Jersey","nj","140","00","ACSSF","0001886",,,,,"34","007",,,,"611600",,,,,,,,,,,,,,,,,,,,,,,,,,,,,,,,,,,,,2806,450,2356
"34007611700","14000US34007611700","Census Tract 6117","Census Tract 6117, Camden County, New Jersey","nj","140","00","ACSSF","0001887",,,,,"34","007",,,,"611700",,,,,,,,,,,,,,,,,,,,,,,,,,,,,,,,,,,,,1933,94,1839
